{
    "total_runtime": 2096.7648956775665,
    "num_documents": 10381,
    "update_documents": 0,
    "input_load_time": 0,
    "workflows": {
        "load_input_documents": {
            "overall": 0.52738356590271
        },
        "create_base_text_units": {
            "overall": 10.92456865310669
        },
        "create_final_documents": {
            "overall": 0.387279748916626
        },
        "extract_graph": {
            "overall": 619.8441324234009
        },
        "finalize_graph": {
            "overall": 0.1118936538696289
        },
        "extract_covariates": {
            "overall": 0.00014543533325195312
        },
        "create_communities": {
            "overall": 0.10868358612060547
        },
        "create_final_text_units": {
            "overall": 0.34714484214782715
        },
        "create_community_reports": {
            "overall": 200.3042185306549
        },
        "generate_text_embeddings": {
            "overall": 1264.2066586017609
        }
    }
}