{
    "total_runtime": 1001.1781895160675,
    "num_documents": 965,
    "update_documents": 0,
    "input_load_time": 0,
    "workflows": {
        "load_input_documents": {
            "overall": 0.0632619857788086
        },
        "create_base_text_units": {
            "overall": 0.9150385856628418
        },
        "create_final_documents": {
            "overall": 0.05871772766113281
        },
        "extract_graph": {
            "overall": 714.4399383068085
        },
        "finalize_graph": {
            "overall": 0.05237460136413574
        },
        "extract_covariates": {
            "overall": 0.0001437664031982422
        },
        "create_communities": {
            "overall": 0.03917336463928223
        },
        "create_final_text_units": {
            "overall": 0.06114983558654785
        },
        "create_community_reports": {
            "overall": 5.915881633758545
        },
        "generate_text_embeddings": {
            "overall": 279.6303942203522
        }
    }
}