{
  "entity_consistency": {
    "unique_entity_rate": 0.8805222053852431,
    "type_consistency_rate": 1.0,
    "name_ambiguity_entropy": 0.0,
    "n_clusters": 8579,
    "n_nodes": 11400
  },
  "link_prediction": {
    "Adamic-Adar": {
      "PR-AUC": 0.5223560445450951,
      "ROC-AUC": 0.5090952520320294,
      "P@K": 0.92,
      "R@K": 0.03210048848569433
    },
    "Jaccard": {
      "PR-AUC": 0.49716415732965136,
      "ROC-AUC": 0.500567083631809,
      "P@K": 0.5,
      "R@K": 0.017445917655268657
    },
    "ResourceAlloc": {
      "PR-AUC": 0.5077380420995214,
      "ROC-AUC": 0.5008210416515501,
      "P@K": 0.5,
      "R@K": 0.017445917655268657
    }
  },
  "semantic_similarity": {
    "spearman_r": -0.10038235789508392,
    "p_value": 2.6943714218745653e-06,
    "n_samples": 2177
  }
}